{"customer#c_acctbal": 0.8943933, "customer#c_address": 1.0, "customer#c_comment": 0.9997, "customer#c_custkey": 1.0, "customer#c_mktsegment": 3.3333333333333335e-05, "customer#c_name": 1.0, "customer#c_nationkey": 0.00016666666666666666, "customer#c_phone": 1.0, "lineitem#l_comment": 0.1445888, "lineitem#l_commitdate": 0.0004093413802151666, "lineitem#l_discount": 1.8326231918464927e-06, "lineitem#l_extendedprice": 0.11923347, "lineitem#l_linenumber": 1.1662147584477682e-06, "lineitem#l_linestatus": 3.332042166993623e-07, "lineitem#l_orderkey": 0.06367199376908114, "lineitem#l_partkey": 0.03261669436426718, "lineitem#l_quantity": 8.330105417484058e-06, "lineitem#l_receiptdate": 0.0004193375067161475, "lineitem#l_returnflag": 4.998063250490435e-07, "lineitem#l_shipdate": 0.00041800468984935004, "lineitem#l_shipinstruct": 6.664084333987246e-07, "lineitem#l_shipmode": 1.1662147584477682e-06, "lineitem#l_suppkey": 0.0016675205024719588, "lineitem#l_tax": 1.4994189751471306e-06, "nation#n_comment": 1.0, "nation#n_name": 1.0, "nation#n_nationkey": 1.0, "nation#n_regionkey": 0.2, "orders#o_clerk": 0.0006662118660327882, "orders#o_comment": 0.9837544, "orders#o_custkey": 0.05841345641375488, "orders#o_orderdate": 0.0016029057496748885, "orders#o_orderkey": 1.0, "orders#o_orderpriority": 3.3310593301639414e-06, "orders#o_orderstatus": 1.9986355980983646e-06, "orders#o_shippriority": 6.662118660327882e-07, "orders#o_totalprice": 0.95579153, "part#p_brand": 0.000125, "part#p_comment": 0.36204, "part#p_container": 0.0002, "part#p_mfgr": 2.5e-05, "part#p_name": 1.0, "part#p_partkey": 1.0, "part#p_retailprice": 0.102715, "part#p_size": 0.00025, "part#p_type": 0.00075, "partsupp#ps_availqty": 0.01251, "partsupp#ps_comment": 1.0, "partsupp#ps_partkey": 0.245715, "partsupp#ps_suppkey": 0.01251625, "partsupp#ps_supplycost": 0.113455, "region#r_comment": 1.0, "region#r_name": 1.0, "region#r_regionkey": 1.0, "supplier#s_acctbal": 0.9955, "supplier#s_address": 1.0, "supplier#s_comment": 1.0, "supplier#s_name": 1.0, "supplier#s_nationkey": 0.0025, "supplier#s_phone": 1.0, "supplier#s_suppkey": 1.0}